transaction_id,provider_id,client_id,transaction_date,energy_mwh,price_mwh,total_price
T00001,P0835,C0535,2024-12-17,45.65,79.28,3619.13
T00002,P0228,C0508,2025-04-05,34.18,53.0,1811.54
T00003,P0733,C0426,2024-07-28,340.12,33.09,11254.57
T00004,P0624,C0754,2025-06-05,242.54,44.91,10892.47
T00005,P0386,C0367,2025-01-13,97.91,49.51,4847.52
T00006,P0668,C0210,2024-10-27,225.38,76.02,17133.39
T00007,P0281,C0255,2024-08-03,127.18,73.63,9364.26
T00008,P0260,C0908,2024-12-23,418.17,83.45,34896.29
T00009,P0900,C0362,2024-08-04,75.51,53.21,4017.89
T00010,P0372,C0562,2024-10-20,215.98,51.05,11025.78
T00011,P0896,C0814,2024-07-18,420.84,36.86,15512.16
T00012,P0835,C0878,2025-05-03,71.06,74.04,5261.28
T00013,P0381,C0519,2025-04-01,425.35,91.85,39068.4
T00014,P0850,C0276,2024-10-23,168.32,81.67,13746.69
T00015,P0635,C0572,2025-05-13,452.52,68.77,31119.8
T00016,P0174,C0073,2024-08-17,137.41,76.14,10462.4
T00017,P0415,C0032,2025-03-17,352.59,57.14,20146.99
T00018,P0403,C0691,2025-04-13,411.65,58.55,24102.11
T00019,P0346,C0306,2025-04-25,126.59,71.63,9067.64
T00020,P0917,C0297,2025-02-23,491.24,56.29,27651.9
T00021,P0615,C0204,2024-08-14,340.68,70.38,23977.06
T00022,P0709,C0408,2024-11-29,357.98,33.45,11974.43
T00023,P0608,C0662,2024-07-08,300.03,76.04,22814.28
T00024,P0371,C0110,2025-04-17,103.42,33.04,3417.0
T00025,P0420,C0889,2024-12-05,146.23,83.24,12172.19
T00026,P0808,C0185,2024-06-17,414.21,79.23,32817.86
T00027,P0594,C0074,2025-04-18,371.53,85.75,31858.7
T00028,P0321,C0206,2025-02-14,329.14,60.44,19893.22
T00029,P0050,C0693,2024-07-24,68.34,73.36,5013.42
T00030,P0744,C0986,2025-04-18,365.07,49.28,17990.65
T00031,P0181,C0606,2025-03-29,249.51,81.67,20377.48
T00032,P0381,C0446,2025-01-30,246.66,88.86,21918.21
T00033,P0747,C0210,2024-12-22,491.49,96.25,47305.91
T00034,P0032,C0044,2024-08-26,386.13,48.3,18650.08
T00035,P0172,C0359,2024-07-31,32.05,53.34,1709.55
T00036,P0184,C0654,2024-10-11,452.94,32.95,14924.37
T00037,P0190,C0820,2025-02-24,316.76,55.05,17437.64
T00038,P0457,C0285,2025-04-10,144.68,97.58,14117.87
T00039,P0565,C0123,2025-05-11,160.55,68.93,11066.71
T00040,P0460,C0671,2025-05-14,27.69,94.03,2603.69
T00041,P0976,C0279,2025-01-12,74.18,45.54,3378.16
T00042,P0426,C0598,2024-07-30,418.22,60.41,25264.67
T00043,P0097,C0038,2025-04-27,82.28,86.56,7122.16
T00044,P0022,C0143,2025-02-20,43.48,51.47,2237.92
T00045,P0598,C0780,2024-10-06,470.28,93.34,43895.94
T00046,P0012,C0025,2024-12-16,244.45,65.28,15957.7
T00047,P0618,C0991,2025-01-05,491.94,59.92,29477.04
T00048,P0452,C0991,2024-07-05,440.28,53.9,23731.09
T00049,P0369,C0078,2024-08-16,102.25,97.73,9992.89
T00050,P0573,C0271,2025-04-26,378.98,40.07,15185.73
T00051,P0832,C0643,2024-09-09,190.38,64.37,12254.76
T00052,P0900,C0897,2025-02-25,59.43,53.07,3153.95
T00053,P0459,C0379,2024-12-19,19.5,74.57,1454.11
T00054,P0837,C0920,2024-11-16,328.71,81.05,26641.95
T00055,P0943,C0873,2024-10-27,213.77,83.19,17783.53
T00056,P0497,C0426,2025-04-08,322.69,81.02,26144.34
T00057,P0998,C0238,2024-10-10,405.0,34.75,14073.75
T00058,P0073,C0153,2025-03-17,124.0,54.42,6748.08
T00059,P0270,C0261,2025-04-22,157.76,54.47,8593.19
T00060,P0726,C0264,2024-11-02,167.35,92.89,15545.14
T00061,P0837,C0977,2025-01-14,368.15,78.31,28829.83
T00062,P0490,C0687,2025-01-21,66.42,48.09,3194.14
T00063,P0036,C0851,2024-11-25,439.38,56.24,24710.73
T00064,P0157,C0064,2025-03-11,51.81,37.38,1936.66
T00065,P0380,C0918,2025-03-07,20.83,44.64,929.85
T00066,P0535,C0423,2024-12-11,210.16,70.4,14795.26
T00067,P0462,C0466,2025-04-28,397.37,37.02,14710.64
T00068,P0576,C0710,2025-02-03,423.56,32.77,13880.06
T00069,P0630,C0570,2024-12-02,207.66,69.64,14461.44
T00070,P0540,C0195,2024-07-24,99.34,40.57,4030.22
T00071,P0136,C0410,2024-07-25,381.62,39.23,14970.95
T00072,P0106,C0755,2024-09-13,87.48,35.89,3139.66
T00073,P0575,C0111,2024-12-20,486.65,35.42,17237.14
T00074,P0050,C0034,2025-04-27,333.09,72.15,24032.44
T00075,P0299,C0086,2025-04-06,333.99,50.5,16866.49
T00076,P0602,C0848,2025-02-07,316.78,88.16,27927.32
T00077,P0342,C0965,2024-10-07,65.14,95.1,6194.81
T00078,P0962,C0257,2024-10-09,248.73,61.83,15378.98
T00079,P0900,C0577,2024-10-05,263.13,57.27,15069.46
T00080,P0951,C0845,2025-02-06,44.23,42.31,1871.37
T00081,P0942,C0009,2025-04-13,100.65,33.21,3342.59
T00082,P0699,C0262,2025-01-04,226.17,43.43,9822.56
T00083,P0824,C0794,2024-08-07,82.99,76.22,6325.5
T00084,P0148,C0200,2024-09-28,358.69,77.23,27701.63
T00085,P0221,C0276,2025-04-02,334.7,69.26,23181.32
T00086,P0915,C0408,2024-10-07,362.42,45.42,16461.12
T00087,P0818,C0327,2025-04-06,12.65,88.75,1122.69
T00088,P0897,C0019,2024-07-19,446.41,86.48,38605.54
T00089,P0684,C0648,2025-05-08,253.14,74.39,18831.08
T00090,P0819,C0875,2024-10-12,239.79,33.36,7999.39
T00091,P0668,C0151,2025-04-26,54.41,77.79,4232.55
T00092,P0965,C0339,2024-07-22,70.02,39.27,2749.69
T00093,P0975,C0933,2024-10-27,76.53,52.97,4053.79
T00094,P0255,C0239,2025-04-28,385.66,68.3,26340.58
T00095,P0447,C0248,2024-08-09,230.73,33.87,7814.83
T00096,P0878,C0150,2024-08-20,214.44,52.05,11161.6
T00097,P0471,C0049,2025-04-26,312.78,35.51,11106.82
T00098,P0975,C0171,2024-10-29,273.1,59.09,16137.48
T00099,P0376,C0249,2024-08-13,248.26,99.16,24617.46
T00100,P0676,C0792,2025-03-10,180.18,59.56,10731.52
T00101,P0831,C0107,2025-05-07,426.96,31.19,13316.88
T00102,P0781,C0390,2025-05-16,265.32,50.04,13276.61
T00103,P0252,C0780,2025-03-16,93.21,66.9,6235.75
T00104,P0875,C0196,2024-08-31,233.03,31.98,7452.3
T00105,P0166,C0074,2025-05-10,302.96,73.14,22158.49
T00106,P0564,C0790,2024-11-03,170.72,77.81,13283.72
T00107,P0291,C0599,2024-09-14,77.38,62.14,4808.39
T00108,P0446,C0204,2024-12-23,203.12,55.57,11287.38
T00109,P0260,C0403,2024-06-25,400.96,82.45,33059.15
T00110,P0061,C0213,2025-03-16,128.99,56.21,7250.53
T00111,P0207,C0079,2025-01-21,498.31,69.25,34507.97
T00112,P0633,C0186,2025-01-16,365.37,34.86,12736.8
T00113,P0983,C0849,2024-07-03,334.39,79.89,26714.42
T00114,P0884,C0637,2024-10-08,174.59,35.58,6211.91
T00115,P0592,C0269,2025-01-13,156.21,74.11,11576.72
T00116,P0934,C0578,2024-08-20,32.96,100.51,3312.81
T00117,P0011,C0284,2024-12-31,462.12,70.36,32514.76
T00118,P0182,C0303,2024-10-10,478.81,82.41,39458.73
T00119,P0440,C0541,2024-12-30,237.46,53.41,12682.74
T00120,P0588,C0528,2024-07-13,294.2,102.72,30220.22
T00121,P0062,C0965,2025-02-02,305.13,38.37,11707.84
T00122,P0336,C0347,2024-09-02,92.53,34.07,3152.5
T00123,P0757,C0930,2024-08-31,352.47,58.52,20626.54
T00124,P0577,C0401,2025-02-20,405.4,48.02,19467.31
T00125,P0937,C0670,2025-01-14,138.49,60.86,8428.5
T00126,P0736,C0264,2024-11-21,32.61,82.62,2694.24
T00127,P0390,C0827,2025-05-24,423.09,54.91,23231.87
T00128,P0939,C0612,2024-07-19,224.5,91.38,20514.81
T00129,P0594,C0034,2025-02-23,368.51,87.04,32075.11
T00130,P0532,C0241,2024-12-12,364.07,48.66,17715.65
T00131,P0099,C0799,2024-10-06,372.73,84.04,31324.23
T00132,P0911,C0284,2024-07-18,330.55,46.11,15241.66
T00133,P0637,C0055,2024-09-25,126.0,74.39,9373.14
T00134,P0692,C0939,2024-09-17,152.48,90.98,13872.63
T00135,P0299,C0913,2024-08-20,265.24,45.74,12132.08
T00136,P0824,C0576,2025-03-15,205.55,71.56,14709.16
T00137,P0436,C0357,2025-01-21,150.67,70.24,10583.06
T00138,P0470,C0868,2024-09-08,363.28,99.78,36248.08
T00139,P0244,C0226,2024-07-28,116.14,77.19,8964.85
T00140,P0931,C0394,2024-10-25,98.22,54.76,5378.53
T00141,P0039,C0087,2024-12-26,49.4,56.79,2805.43
T00142,P0135,C0476,2024-10-29,342.01,54.88,18769.51
T00143,P0968,C0206,2025-03-21,392.47,85.5,33556.19
T00144,P0864,C0416,2024-11-06,356.8,71.14,25382.75
T00145,P0264,C0879,2025-04-14,218.47,81.55,17816.23
T00146,P0912,C0712,2024-08-13,22.19,40.22,892.48
T00147,P0345,C0613,2024-12-07,451.74,91.82,41478.77
T00148,P0299,C0752,2024-12-23,81.21,43.28,3514.77
T00149,P0879,C0014,2025-04-27,228.07,74.02,16881.74
T00150,P0372,C0780,2025-04-25,22.22,47.07,1045.9
T00151,P0642,C0317,2025-01-16,307.0,44.94,13796.58
T00152,P0916,C0402,2025-02-27,168.25,36.42,6127.66
T00153,P0528,C0326,2024-07-09,343.28,58.65,20133.37
T00154,P0905,C0300,2024-07-31,497.73,65.71,32705.84
T00155,P0492,C0885,2024-10-11,431.32,32.36,13957.52
T00156,P0092,C0725,2025-04-24,281.78,54.76,15430.27
T00157,P0040,C0807,2025-01-02,368.82,34.7,12798.05
T00158,P0932,C0310,2024-11-16,81.68,50.94,4160.78
T00159,P0293,C0070,2025-03-25,71.28,75.59,5388.06
T00160,P0964,C0691,2025-03-15,132.31,57.75,7640.9
T00161,P0208,C0954,2024-07-04,112.81,92.07,10386.42
T00162,P0622,C0409,2025-06-11,26.47,81.52,2157.83
T00163,P0771,C0335,2024-09-15,13.41,46.26,620.35
T00164,P0587,C0384,2024-07-29,437.7,102.68,44943.04
T00165,P0884,C0245,2024-11-17,92.2,34.81,3209.48
T00166,P0545,C0410,2025-04-10,237.89,55.85,13286.16
T00167,P0695,C0358,2025-03-17,358.96,32.01,11490.31
T00168,P0217,C0651,2024-06-23,70.18,89.21,6260.76
T00169,P0464,C0586,2024-09-08,411.38,40.79,16780.19
T00170,P0695,C0055,2024-08-28,285.48,34.37,9811.95
T00171,P0293,C0369,2025-03-08,328.04,82.68,27122.35
T00172,P0453,C0513,2025-01-10,337.55,46.03,15537.43
T00173,P0603,C0248,2024-11-20,216.58,56.45,12225.94
T00174,P0272,C0306,2025-01-13,102.05,78.96,8057.87
T00175,P0502,C0762,2025-05-12,338.01,32.58,11012.37
T00176,P0381,C0885,2025-05-22,392.91,93.34,36674.22
T00177,P0189,C0394,2024-12-10,143.16,33.11,4740.03
T00178,P0146,C0182,2024-08-22,55.0,31.51,1733.05
T00179,P0206,C0319,2024-08-28,313.3,30.42,9530.59
T00180,P0048,C0085,2024-12-04,156.12,61.15,9546.74
T00181,P0084,C0550,2025-05-20,124.53,71.32,8881.48
T00182,P0792,C0736,2024-12-13,424.41,39.52,16772.68
T00183,P0037,C0543,2024-08-06,111.73,43.18,4824.5
T00184,P0097,C0809,2025-06-04,406.64,91.41,37170.96
T00185,P0638,C0070,2024-10-27,19.16,76.14,1458.84
T00186,P0872,C0262,2025-01-14,204.78,95.39,19533.96
T00187,P0380,C0275,2024-11-09,184.16,40.51,7460.32
T00188,P0843,C0617,2024-12-26,373.49,93.62,34966.13
T00189,P0741,C0039,2025-02-04,136.36,83.12,11334.24
T00190,P0358,C0202,2024-09-07,75.82,68.21,5171.68
T00191,P0327,C0858,2024-12-12,354.34,77.3,27390.48
T00192,P0338,C0654,2024-11-16,497.51,97.55,48532.1
T00193,P0520,C0730,2025-02-04,75.89,32.22,2445.18
T00194,P0582,C0723,2024-07-20,55.02,32.37,1781.0
T00195,P0949,C0903,2025-05-17,467.51,39.4,18419.89
T00196,P0526,C0667,2025-01-12,384.64,40.14,15439.45
T00197,P0116,C0702,2025-05-20,104.18,47.17,4914.17
T00198,P0406,C0215,2024-09-22,195.61,38.74,7577.93
T00199,P0620,C0733,2024-10-20,40.12,75.52,3029.86
T00200,P0078,C0613,2025-06-01,236.78,80.74,19117.62
T00201,P0257,C0199,2024-09-14,209.33,62.92,13171.04
T00202,P0890,C0472,2025-02-07,483.17,35.18,16997.92
T00203,P0642,C0435,2024-10-27,175.09,43.44,7605.91
T00204,P0472,C0920,2024-11-08,314.3,71.56,22491.31
T00205,P0165,C0203,2024-08-08,429.22,61.1,26225.34
T00206,P0238,C0156,2024-12-15,369.96,61.95,22919.02
T00207,P0885,C0824,2024-07-26,108.21,28.14,3045.03
T00208,P0819,C0824,2024-12-18,437.45,32.79,14343.99
T00209,P0909,C0313,2024-07-15,199.46,94.26,18801.1
T00210,P0766,C0901,2024-12-30,350.92,57.41,20146.32
T00211,P0602,C0698,2024-09-02,372.38,92.07,34285.03
T00212,P0971,C0524,2024-10-24,174.96,74.87,13099.26
T00213,P0255,C0827,2024-11-27,444.34,73.26,32552.35
T00214,P0879,C0690,2024-12-13,421.29,73.26,30863.71
T00215,P0132,C0591,2025-05-25,131.1,58.81,7709.99
T00216,P0227,C0883,2025-06-13,129.23,44.42,5740.4
T00217,P0458,C0683,2025-04-16,40.37,63.85,2577.62
T00218,P0065,C0290,2024-06-23,358.86,95.61,34310.6
T00219,P0068,C0918,2025-03-26,231.96,53.71,12458.57
T00220,P0933,C0872,2025-03-21,489.82,62.56,30643.14
T00221,P0449,C0563,2025-01-04,38.82,52.03,2019.8
T00222,P0183,C0921,2024-07-09,52.77,60.16,3174.64
T00223,P0948,C0046,2025-03-17,152.78,52.75,8059.15
T00224,P0178,C0820,2024-10-16,389.6,41.12,16020.35
T00225,P0513,C0747,2025-03-12,319.03,33.4,10655.6
T00226,P0113,C0106,2025-03-05,182.06,48.67,8860.86
T00227,P0770,C0383,2024-07-24,275.34,30.78,8474.97
T00228,P0846,C0711,2025-02-23,217.48,87.82,19099.09
T00229,P0565,C0409,2024-11-14,330.61,60.51,20005.21
T00230,P0199,C0035,2025-03-14,155.65,86.43,13452.83
T00231,P0855,C0094,2024-08-29,186.87,94.2,17603.15
T00232,P0042,C0597,2024-10-13,302.64,74.57,22567.86
T00233,P0998,C0958,2024-07-18,452.36,35.57,16090.45
T00234,P0107,C0248,2024-11-17,127.98,94.12,12045.48
T00235,P0258,C0115,2024-10-07,321.71,97.13,31247.69
T00236,P0805,C0228,2025-02-17,153.04,65.2,9978.21
T00237,P0844,C0678,2025-02-24,168.78,95.52,16121.87
T00238,P0356,C0641,2025-02-21,223.84,42.54,9522.15
T00239,P0234,C0027,2024-12-25,431.72,86.97,37546.69
T00240,P0739,C0627,2024-09-12,369.8,92.67,34269.37
T00241,P0902,C0172,2024-10-09,222.12,48.26,10719.51
T00242,P0076,C0567,2024-12-27,488.98,34.16,16703.56
T00243,P0917,C0552,2024-06-18,484.91,55.52,26922.2
T00244,P0005,C0983,2024-07-03,222.33,69.5,15451.94
T00245,P0235,C0434,2024-09-02,397.61,67.31,26763.13
T00246,P0164,C0459,2025-05-31,78.14,30.24,2362.95
T00247,P0285,C0075,2024-07-28,491.93,46.18,22717.33
T00248,P0265,C0495,2025-04-19,381.18,41.2,15704.62
T00249,P0297,C0017,2025-01-05,156.93,65.98,10354.24
T00250,P0725,C0781,2025-04-23,226.32,42.84,9695.55
T00251,P0587,C0574,2025-02-22,414.67,96.03,39820.76
T00252,P0520,C0250,2024-08-08,284.17,28.25,8027.8
T00253,P0562,C0280,2025-05-01,486.74,83.46,40623.32
T00254,P0778,C0354,2024-06-18,453.03,105.37,47735.77
T00255,P0576,C0380,2025-02-23,37.0,33.14,1226.18
T00256,P0647,C0972,2025-04-21,363.98,34.55,12575.51
T00257,P0515,C0700,2024-09-20,437.85,40.67,17807.36
T00258,P0991,C0318,2024-09-21,32.56,61.6,2005.7
T00259,P0733,C0402,2025-02-21,207.09,36.61,7581.56
T00260,P0206,C0499,2024-07-02,142.37,28.53,4061.82
T00261,P0439,C0748,2025-05-09,46.63,37.31,1739.77
T00262,P0996,C0120,2024-06-23,193.58,70.36,13620.29
T00263,P0923,C0799,2024-08-30,22.88,48.35,1106.25
T00264,P0031,C0202,2024-10-25,128.8,67.73,8723.62
T00265,P0400,C0027,2024-09-27,41.55,73.99,3074.28
T00266,P0419,C0201,2025-04-21,153.65,54.63,8393.9
T00267,P0658,C0120,2025-03-05,436.14,86.25,37617.07
T00268,P0695,C0716,2024-07-25,212.46,34.58,7346.87
T00269,P0422,C0418,2025-05-16,451.7,84.23,38046.69
T00270,P0669,C0216,2024-11-02,211.44,84.8,17930.11
T00271,P0276,C0325,2024-11-04,363.62,64.91,23602.57
T00272,P0260,C0676,2024-11-27,246.31,86.72,21360.0
T00273,P0226,C0977,2024-12-24,45.03,96.16,4330.08
T00274,P0635,C0405,2024-11-17,153.29,66.02,10120.21
T00275,P0982,C0311,2025-05-05,346.77,103.57,35914.97
T00276,P0293,C0938,2025-02-15,31.51,78.17,2463.14
T00277,P0402,C0811,2024-11-03,139.29,104.43,14546.05
T00278,P0971,C0498,2024-08-21,294.95,69.08,20375.15
T00279,P0570,C0161,2025-02-03,119.46,30.57,3651.89
T00280,P0042,C0863,2024-11-14,54.75,77.14,4223.41
T00281,P0561,C0003,2024-10-17,378.66,64.25,24328.91
T00282,P0498,C0760,2025-03-25,301.22,88.39,26624.84
T00283,P0848,C0130,2024-07-25,302.29,69.58,21033.34
T00284,P0782,C0600,2024-12-20,89.57,37.7,3376.79
T00285,P0538,C0167,2024-12-07,190.09,63.92,12150.55
T00286,P0694,C0337,2025-01-05,337.8,50.8,17160.24
T00287,P0617,C0777,2025-02-20,333.73,71.81,23965.15
T00288,P0223,C0170,2025-02-23,36.95,90.51,3344.34
T00289,P0253,C0217,2025-02-21,70.85,71.39,5057.98
T00290,P0138,C0541,2025-05-23,10.47,57.33,600.25
T00291,P0937,C0615,2024-09-06,90.57,62.57,5666.96
T00292,P0863,C0345,2024-06-20,139.61,43.73,6105.15
T00293,P0992,C0846,2025-05-16,314.99,34.43,10845.11
T00294,P0075,C0837,2024-06-24,180.51,69.17,12485.88
T00295,P0741,C0184,2024-10-04,422.02,85.82,36217.76
T00296,P0237,C0152,2025-01-11,421.76,103.47,43639.51
T00297,P0725,C0462,2025-02-17,237.98,46.27,11011.33
T00298,P0832,C0025,2024-08-25,278.73,58.35,16263.9
T00299,P0169,C0451,2024-08-06,235.19,55.74,13109.49
T00300,P0139,C0957,2024-08-07,48.99,47.07,2305.96
T00301,P0060,C0715,2024-06-24,227.77,76.61,17449.46
T00302,P0034,C0908,2025-02-27,255.16,86.05,21956.52
T00303,P0085,C0675,2025-05-10,41.23,69.68,2872.91
T00304,P0665,C0048,2025-01-30,328.59,37.15,12207.12
T00305,P0089,C0570,2025-05-07,280.23,73.67,20644.54
T00306,P0247,C0983,2024-08-30,44.35,62.59,2775.87
T00307,P0587,C0710,2025-04-04,450.86,91.04,41046.29
T00308,P0289,C0721,2025-04-25,477.49,44.06,21038.21
T00309,P0197,C0556,2025-06-09,73.93,88.1,6513.23
T00310,P0180,C0202,2024-08-15,72.23,76.63,5534.98
T00311,P0900,C0677,2025-01-18,381.11,60.89,23205.79
T00312,P0292,C0741,2024-07-16,374.56,80.87,30290.67
T00313,P0779,C0940,2025-01-13,401.23,80.98,32491.61
T00314,P0449,C0352,2024-08-29,471.78,48.98,23107.78
T00315,P0009,C0566,2025-02-21,188.71,101.82,19214.45
T00316,P0257,C0399,2024-08-29,217.65,53.62,11670.39
T00317,P0812,C0097,2025-05-06,318.28,65.21,20755.04
T00318,P0923,C0350,2024-09-20,467.46,47.68,22288.49
T00319,P0918,C0697,2025-01-13,105.65,87.08,9200.0
T00320,P0857,C0360,2025-02-27,477.95,89.29,42676.16
T00321,P0775,C0206,2025-01-31,364.82,106.08,38700.11
T00322,P0119,C0738,2024-08-25,252.34,94.23,23778.0
T00323,P0632,C0878,2025-02-09,103.21,64.34,6640.53
T00324,P0392,C0275,2024-11-27,322.19,98.75,31816.26
T00325,P0337,C0560,2025-03-02,297.52,47.44,14114.35
T00326,P0155,C0904,2024-06-22,264.23,63.89,16881.65
T00327,P0340,C0552,2025-02-14,492.06,34.57,17010.51
T00328,P0929,C0719,2024-07-17,208.59,65.21,13602.15
T00329,P0343,C0264,2024-12-01,364.24,80.29,29244.83
T00330,P0988,C0222,2024-09-11,107.46,43.64,4689.55
T00331,P0559,C0579,2024-08-08,169.34,74.64,12639.54
T00332,P0723,C0247,2024-08-24,33.06,58.86,1945.91
T00333,P0252,C0401,2025-05-24,264.78,76.33,20210.66
T00334,P0662,C0240,2025-05-02,15.76,77.13,1215.57
T00335,P0458,C0507,2025-04-23,306.87,69.35,21281.43
T00336,P0301,C0692,2025-03-06,301.6,82.51,24885.02
T00337,P0705,C0855,2024-09-06,348.14,57.25,19931.01
T00338,P0294,C0478,2024-12-01,82.46,47.08,3882.22
T00339,P0353,C0843,2024-08-30,335.23,52.52,17606.28
T00340,P0785,C0738,2025-05-17,114.07,56.77,6475.75
T00341,P0843,C0061,2025-05-12,55.21,84.39,4659.17
T00342,P0278,C0375,2024-12-28,191.57,65.68,12582.32
T00343,P0292,C0783,2024-11-03,31.19,82.91,2585.96
T00344,P0572,C0657,2024-07-18,65.49,93.6,6129.86
T00345,P0978,C0418,2025-03-01,464.32,46.42,21553.73
T00346,P0883,C0650,2024-12-16,205.03,55.8,11440.67
T00347,P0877,C0266,2025-01-11,310.23,48.24,14965.5
T00348,P0549,C0436,2024-08-03,65.25,61.12,3988.08
T00349,P0612,C0461,2024-12-25,149.31,76.43,11411.76
T00350,P0065,C0034,2024-07-01,165.88,91.4,15161.43
T00351,P0220,C0179,2024-08-16,202.58,36.28,7349.6
T00352,P0136,C0560,2024-08-17,65.6,44.31,2906.74
T00353,P0592,C0568,2024-06-18,401.83,73.04,29349.66
T00354,P0286,C0458,2024-09-28,157.66,72.36,11408.28
T00355,P0896,C0557,2024-10-07,471.02,39.52,18614.71
T00356,P0695,C0177,2024-10-17,30.74,30.45,936.03
T00357,P0545,C0714,2024-11-23,324.07,59.65,19330.78
T00358,P0961,C0276,2025-05-19,390.9,56.79,22199.21
T00359,P0922,C0909,2025-01-22,140.01,67.12,9397.47
T00360,P0514,C0128,2024-12-12,434.43,29.17,12672.32
T00361,P0956,C0208,2025-06-12,282.88,48.81,13807.37
T00362,P0258,C0053,2024-08-14,43.42,89.62,3891.3
T00363,P0146,C0449,2025-01-31,403.66,32.41,13082.62
T00364,P0045,C0169,2025-05-05,88.94,79.19,7043.16
T00365,P0410,C0973,2024-07-12,386.89,61.21,23681.54
T00366,P0133,C0340,2024-12-25,117.38,92.47,10854.13
T00367,P0990,C0163,2024-08-30,356.75,38.87,13866.87
T00368,P0897,C0621,2024-09-12,373.94,80.57,30128.35
T00369,P0431,C0433,2024-06-25,409.53,89.64,36710.27
T00370,P0174,C0468,2024-11-13,467.98,74.03,34644.56
T00371,P0675,C0043,2024-11-14,435.65,49.61,21612.6
T00372,P0090,C0301,2025-04-14,445.09,82.87,36884.61
T00373,P0206,C0014,2024-09-28,393.83,31.03,12220.54
T00374,P0304,C0027,2024-10-03,153.26,52.8,8092.13
T00375,P0329,C0857,2025-02-03,368.33,94.09,34656.17
T00376,P0804,C0975,2025-05-05,166.13,69.13,11484.57
T00377,P0531,C0234,2024-11-13,460.25,48.47,22308.32
T00378,P0861,C0383,2025-05-15,123.31,66.53,8203.81
T00379,P0197,C0521,2025-04-03,384.63,76.17,29297.27
T00380,P0726,C0086,2025-02-27,292.54,85.48,25006.32
T00381,P0377,C0886,2024-08-29,111.73,48.18,5383.15
T00382,P0490,C0291,2025-05-25,137.02,53.29,7301.8
T00383,P0551,C0729,2025-02-15,349.91,58.51,20473.23
T00384,P0799,C0034,2025-03-10,428.15,88.91,38066.82
T00385,P0856,C0959,2024-09-20,84.14,41.01,3450.58
T00386,P0301,C0446,2025-02-07,487.09,76.74,37379.29
T00387,P0795,C0348,2024-11-16,46.2,86.35,3989.37
T00388,P0321,C0211,2024-12-20,21.6,65.81,1421.5
T00389,P0886,C0606,2024-08-03,107.44,88.3,9486.95
T00390,P0355,C0913,2025-04-26,143.68,48.04,6902.39
T00391,P0987,C0490,2024-10-21,457.72,50.24,22995.85
T00392,P0705,C0283,2025-05-31,121.58,60.81,7393.28
T00393,P0220,C0504,2025-05-01,200.95,40.19,8076.18
T00394,P0389,C0487,2025-05-17,27.5,71.29,1960.48
T00395,P0828,C0781,2025-05-27,450.75,80.59,36325.94
T00396,P0319,C0398,2024-12-11,42.28,71.37,3017.52
T00397,P0507,C0554,2024-11-13,319.02,56.24,17941.68
T00398,P0681,C0126,2024-09-04,310.6,91.77,28503.76
T00399,P0917,C0051,2025-05-08,287.53,55.23,15880.28
T00400,P0987,C0323,2025-02-02,323.32,47.02,15202.51
T00401,P0197,C0393,2025-06-08,422.03,80.6,34015.62
T00402,P0789,C0112,2025-02-27,122.17,55.81,6818.31
T00403,P0841,C0995,2024-06-14,478.0,86.72,41452.16
T00404,P0674,C0182,2024-12-30,306.69,62.52,19174.26
T00405,P0508,C0071,2024-10-11,140.44,90.39,12694.37
T00406,P0538,C0493,2025-02-15,191.19,62.93,12031.59
T00407,P0656,C0789,2024-11-21,362.87,35.61,12921.8
T00408,P0355,C0119,2025-02-07,317.87,55.96,17788.01
T00409,P0336,C0967,2025-04-20,54.46,36.66,1996.5
T00410,P0885,C0397,2025-04-10,172.28,30.79,5304.5
T00411,P0863,C0397,2024-06-16,350.48,44.47,15585.85
T00412,P0867,C0633,2024-07-28,122.73,54.63,6704.74
T00413,P0081,C0303,2024-11-17,25.97,79.68,2069.29
T00414,P0023,C0589,2024-09-08,178.75,43.69,7809.59
T00415,P0200,C0142,2025-01-14,299.2,59.43,17781.46
T00416,P0662,C0706,2025-03-06,217.48,84.84,18451.0
T00417,P0643,C0988,2025-05-09,110.33,64.62,7129.52
T00418,P0477,C0287,2024-08-05,362.39,61.31,22218.13
T00419,P0380,C0432,2024-08-19,351.92,41.0,14428.72
T00420,P0743,C0265,2024-08-03,332.06,52.54,17446.43
T00421,P0403,C0129,2025-06-13,66.43,56.51,3753.96
T00422,P0460,C0616,2024-10-31,42.88,81.54,3496.44
T00423,P0001,C0538,2025-04-10,431.97,38.08,16449.42
T00424,P0743,C0258,2024-06-28,99.39,50.02,4971.49
T00425,P0883,C0447,2025-02-11,308.95,51.75,15988.16
T00426,P0464,C0202,2025-06-07,177.3,40.42,7166.47
T00427,P0986,C0679,2025-02-20,372.33,69.58,25906.72
T00428,P0986,C0396,2024-11-30,197.44,66.97,13222.56
T00429,P0581,C0778,2024-09-30,318.24,43.78,13932.55
T00430,P0308,C0296,2024-10-03,411.23,60.22,24764.27
T00431,P0657,C0552,2024-06-26,290.97,55.28,16084.82
T00432,P0094,C0756,2024-11-24,360.51,60.05,21648.63
T00433,P0680,C0910,2025-02-16,268.34,42.68,11452.75
T00434,P0533,C0834,2024-12-07,454.84,40.99,18643.89
T00435,P0489,C0225,2025-04-10,114.25,62.08,7092.64
T00436,P0105,C0922,2025-02-24,444.57,42.4,18849.77
T00437,P0535,C0544,2025-04-28,284.92,71.04,20240.72
T00438,P0620,C0001,2024-11-09,91.54,87.86,8042.7
T00439,P0790,C0034,2025-02-19,299.6,43.09,12909.76
T00440,P0386,C0760,2024-10-31,61.98,55.28,3426.25
T00441,P0241,C0413,2024-06-25,212.94,92.68,19735.28
T00442,P0731,C0528,2024-11-18,338.59,88.67,30022.78
T00443,P0359,C0083,2025-04-24,100.67,57.38,5776.44
T00444,P0411,C0195,2024-07-18,309.01,63.49,19619.04
T00445,P0728,C0700,2025-05-10,27.4,91.46,2506.0
T00446,P0828,C0720,2024-09-01,158.28,75.87,12008.7
T00447,P0392,C0605,2024-09-11,275.28,92.94,25584.52
T00448,P0406,C0950,2025-05-31,88.35,38.12,3367.9
T00449,P0069,C0817,2024-11-15,70.35,70.37,4950.53
T00450,P0881,C0233,2025-03-05,335.5,86.51,29024.11
T00451,P0944,C0809,2024-06-18,493.25,96.75,47721.94
T00452,P0157,C0437,2024-08-05,285.06,34.95,9962.85
T00453,P0800,C0981,2024-09-28,470.12,102.53,48201.4
T00454,P0824,C0306,2024-07-02,359.24,68.08,24457.06
T00455,P0899,C0837,2025-01-04,429.2,42.38,18189.5
T00456,P0309,C0223,2024-12-16,285.3,68.63,19580.14
T00457,P0712,C0347,2024-07-18,193.24,37.01,7151.81
T00458,P0034,C0912,2025-04-03,280.36,87.95,24657.66
T00459,P0004,C0687,2024-07-28,202.11,61.01,12330.73
T00460,P0778,C0925,2024-09-15,413.68,93.38,38629.44
T00461,P0838,C0876,2025-05-08,237.56,54.16,12866.25
T00462,P0580,C0251,2024-09-03,290.12,70.54,20465.06
T00463,P0656,C0690,2024-07-22,218.73,39.5,8639.83
T00464,P0488,C0582,2025-06-13,184.73,89.31,16498.24
T00465,P0110,C0345,2025-02-19,204.81,63.78,13062.78
T00466,P0777,C0654,2025-05-17,44.12,72.39,3193.85
T00467,P0208,C0347,2025-03-15,478.66,99.75,47746.33
T00468,P0379,C0999,2024-11-09,28.44,59.95,1704.98
T00469,P0089,C0057,2024-06-21,116.4,76.16,8865.02
T00470,P0524,C0438,2024-08-06,406.8,60.7,24692.76
T00471,P0289,C0520,2025-03-22,445.65,44.7,19920.56
T00472,P0670,C0437,2024-08-25,275.26,43.85,12070.15
T00473,P0456,C0345,2025-06-06,193.11,46.06,8894.65
T00474,P0792,C0222,2025-05-07,23.54,34.89,821.31
T00475,P0825,C0058,2024-08-19,418.17,36.57,15292.48
T00476,P0037,C0760,2024-07-06,268.57,51.54,13842.1
T00477,P0713,C0426,2024-06-23,52.57,53.18,2795.67
T00478,P0418,C0545,2024-07-14,279.82,76.93,21526.55
T00479,P0699,C0265,2025-02-04,316.6,44.77,14174.18
T00480,P0691,C0881,2024-09-17,322.24,90.11,29037.05
T00481,P0156,C0791,2025-04-25,54.18,58.03,3144.07
T00482,P0066,C0770,2024-07-25,149.89,65.99,9891.24
T00483,P0673,C0708,2024-06-15,426.11,61.77,26320.81
T00484,P0746,C0965,2025-04-13,401.67,47.63,19131.54
T00485,P0468,C0341,2025-03-17,90.23,36.83,3323.17
T00486,P0759,C0194,2024-12-24,276.97,51.88,14369.2
T00487,P0529,C0623,2024-08-25,139.24,56.57,7876.81
T00488,P0596,C0211,2024-11-14,334.21,41.15,13752.74
T00489,P0352,C0062,2025-01-11,80.39,97.77,7859.73
T00490,P0918,C0654,2025-01-09,118.91,88.62,10537.8
T00491,P0616,C0090,2024-12-19,67.42,34.35,2315.88
T00492,P0398,C0270,2024-10-21,81.95,83.18,6816.6
T00493,P0065,C0340,2024-09-19,208.26,89.48,18635.1
T00494,P0439,C0267,2025-03-10,66.47,44.61,2965.23
T00495,P0128,C0469,2024-09-13,225.33,50.19,11309.31
T00496,P0758,C0061,2025-05-05,42.73,79.18,3383.36
T00497,P0677,C0388,2025-03-17,357.79,75.13,26880.76
T00498,P0632,C0182,2025-03-26,295.76,66.47,19659.17
T00499,P0779,C0603,2025-03-28,433.55,77.65,33665.16
T00500,P0802,C0304,2024-09-28,469.75,44.77,21030.71
T00501,P0632,C0495,2025-02-11,278.29,60.38,16803.15
T00502,P0464,C0766,2024-09-01,47.48,43.35,2058.26
T00503,P0499,C0287,2025-02-19,12.42,66.34,823.94
T00504,P0398,C0781,2024-10-10,19.65,81.65,1604.42
T00505,P0644,C0352,2025-01-10,484.14,51.72,25039.72
T00506,P0921,C0030,2024-07-03,209.19,48.51,10147.81
T00507,P0782,C0074,2024-12-13,407.83,38.68,15774.86
T00508,P0956,C0721,2025-01-24,201.22,52.4,10543.93
T00509,P0876,C0179,2024-06-14,268.62,83.76,22499.61
T00510,P0941,C0577,2024-08-21,294.02,77.33,22736.57
T00511,P0642,C0605,2024-10-31,312.26,41.27,12886.97
T00512,P0970,C0883,2025-02-08,371.56,98.07,36438.89
T00513,P0763,C0054,2024-08-23,306.56,59.8,18332.29
T00514,P0269,C0031,2024-09-23,364.86,34.23,12489.16
T00515,P0571,C0578,2024-06-26,337.36,32.9,11099.14
T00516,P0050,C0060,2025-06-11,370.54,72.69,26934.55
T00517,P0161,C0315,2025-06-05,383.07,53.96,20670.46
T00518,P0637,C0904,2024-12-21,403.86,84.0,33924.24
T00519,P0053,C0998,2025-04-30,141.45,85.72,12125.09
T00520,P0272,C0889,2025-05-23,403.42,75.95,30639.75
T00521,P0499,C0594,2024-10-05,172.91,62.87,10870.85
T00522,P0424,C0547,2024-07-31,12.22,50.84,621.26
T00523,P0097,C0179,2025-05-08,433.02,86.76,37568.82
T00524,P0641,C0992,2024-07-02,127.86,30.76,3932.97
T00525,P0162,C0011,2024-12-06,89.13,95.9,8547.57
T00526,P0603,C0933,2025-05-09,126.73,56.9,7210.94
T00527,P0903,C0003,2025-04-03,305.52,64.41,19678.54
T00528,P0614,C0499,2025-01-17,492.11,88.94,43768.26
T00529,P0423,C0833,2025-05-19,485.6,73.52,35701.31
T00530,P0091,C0314,2025-02-12,214.18,47.98,10276.36
T00531,P0714,C0107,2025-02-15,367.17,84.68,31091.96
T00532,P0184,C0873,2024-06-24,338.07,33.35,11274.63
T00533,P0227,C0193,2024-06-22,407.25,45.46,18513.58
T00534,P0246,C0455,2024-09-03,441.62,58.77,25954.01
T00535,P0733,C0674,2024-12-31,287.35,35.25,10129.09
T00536,P0303,C0582,2024-08-28,87.08,67.19,5850.91
T00537,P0208,C0174,2024-08-16,436.91,87.06,38037.38
T00538,P0339,C0690,2024-09-07,28.43,56.1,1594.92
T00539,P0483,C0465,2025-06-11,131.91,29.49,3890.03
T00540,P0487,C0876,2024-07-06,461.29,74.19,34223.11
T00541,P0947,C0377,2025-02-01,14.49,33.62,487.15
T00542,P0537,C0223,2025-05-21,430.57,48.86,21037.65
T00543,P0938,C0260,2025-03-28,307.64,63.94,19670.5
T00544,P0954,C0812,2024-10-11,39.84,84.45,3364.49
T00545,P0925,C0596,2024-06-22,123.23,70.97,8745.63
T00546,P0914,C0870,2025-04-29,30.52,87.8,2679.66
T00547,P0912,C0889,2024-10-26,156.85,41.64,6531.23
T00548,P0846,C0498,2024-08-07,430.53,82.85,35669.41
T00549,P0154,C0208,2025-04-21,119.73,73.48,8797.76
T00550,P0842,C0886,2024-07-09,72.99,62.02,4526.84
T00551,P0714,C0616,2025-02-03,11.33,74.34,842.27
T00552,P0532,C0745,2025-06-06,389.2,48.17,18747.76
T00553,P0100,C0794,2025-01-02,391.0,55.37,21649.67
T00554,P0886,C0866,2024-09-10,287.34,87.3,25084.78
T00555,P0387,C0886,2025-06-11,489.77,77.38,37898.4
T00556,P0733,C0069,2025-03-20,194.91,32.26,6287.8
T00557,P0387,C0655,2025-06-09,451.7,78.89,35634.61
T00558,P0138,C0726,2024-10-10,198.64,57.8,11481.39
T00559,P0981,C0620,2025-01-01,464.43,64.03,29737.45
T00560,P0395,C0742,2024-11-03,278.7,65.3,18199.11
T00561,P0366,C0635,2024-07-20,271.25,89.24,24206.35
T00562,P0726,C0087,2025-03-25,460.45,91.97,42347.59
T00563,P0243,C0629,2024-09-21,125.47,84.86,10647.38
T00564,P0480,C0848,2024-08-05,371.81,43.33,16110.53
T00565,P0294,C0712,2024-06-21,456.04,42.93,19577.8
T00566,P0692,C0172,2024-09-10,440.85,94.59,41700.0
T00567,P0234,C0920,2024-10-28,424.12,79.67,33789.64
T00568,P0091,C0604,2024-08-19,331.73,41.23,13677.23
T00569,P0368,C0420,2024-09-09,242.24,27.89,6756.07
T00570,P0069,C0563,2025-04-17,79.16,67.22,5321.14
T00571,P0899,C0179,2024-11-02,80.92,39.62,3206.05
T00572,P0086,C0891,2025-04-28,388.42,60.67,23565.44
T00573,P0192,C0948,2024-10-01,463.02,55.38,25642.05
T00574,P0781,C0700,2025-01-13,189.93,50.83,9654.14
T00575,P0141,C0846,2025-02-09,262.86,48.32,12701.4
T00576,P0554,C0040,2024-08-04,382.38,47.54,18178.35
T00577,P0823,C0164,2025-04-30,250.23,82.59,20666.5
T00578,P0677,C0229,2024-10-03,481.7,73.53,35419.4
T00579,P0524,C0642,2025-04-30,168.06,52.28,8786.18
T00580,P0459,C0028,2025-06-14,315.63,81.81,25821.69
T00581,P0299,C0864,2025-02-27,216.17,48.95,10581.52
T00582,P0148,C0853,2025-03-29,374.89,74.91,28083.01
T00583,P0901,C0976,2025-04-25,175.9,61.65,10844.24
T00584,P0946,C0652,2025-06-04,436.08,92.68,40415.89
T00585,P0543,C0703,2024-08-25,273.52,71.06,19436.33
T00586,P0158,C0264,2024-11-09,73.79,44.57,3288.82
T00587,P0912,C0968,2024-09-25,151.26,38.04,5753.93
T00588,P0775,C0465,2025-04-08,36.93,101.22,3738.05
T00589,P0748,C0366,2024-06-29,483.04,32.31,15607.02
T00590,P0847,C0792,2024-12-15,421.62,87.73,36988.72
T00591,P0099,C0838,2025-03-16,398.7,92.76,36983.41
T00592,P0223,C0778,2025-05-03,228.83,98.22,22475.68
T00593,P0685,C0717,2025-04-08,333.84,59.23,19773.34
T00594,P0639,C0472,2024-07-01,472.92,61.12,28904.87
T00595,P0372,C0792,2025-01-30,284.94,52.07,14836.83
T00596,P0885,C0508,2024-07-29,175.28,32.25,5652.78
T00597,P0203,C0943,2024-11-28,67.67,36.76,2487.55
T00598,P0440,C0173,2025-03-20,211.35,57.8,12216.03
T00599,P0431,C0935,2025-05-25,38.77,92.26,3576.92
T00600,P0137,C0355,2024-07-26,261.37,66.47,17373.26
T00601,P0754,C0691,2025-01-19,132.42,97.74,12942.73
T00602,P0604,C0694,2024-11-27,462.34,64.06,29617.5
T00603,P0956,C0304,2025-02-05,442.99,43.27,19168.18
T00604,P0530,C0640,2024-07-17,222.43,51.99,11564.14
T00605,P0969,C0411,2024-07-09,337.36,44.34,14958.54
T00606,P0523,C0615,2025-02-23,210.47,59.75,12575.58
T00607,P0543,C0790,2024-09-08,278.25,66.35,18461.89
T00608,P0118,C0439,2024-09-04,257.36,35.64,9172.31
T00609,P0463,C0021,2025-04-01,474.73,60.63,28782.88
T00610,P0203,C0078,2025-05-28,423.68,38.73,16409.13
T00611,P0843,C0793,2025-06-06,400.17,90.59,36251.4
T00612,P0242,C0233,2025-01-04,328.34,55.85,18337.79
T00613,P0014,C0296,2025-04-27,362.34,55.23,20012.04
T00614,P0842,C0729,2024-08-05,342.31,62.76,21483.38
T00615,P0409,C0401,2024-09-18,472.47,66.98,31646.04
T00616,P0353,C0944,2025-03-24,238.21,57.17,13618.47
T00617,P0154,C0718,2025-06-11,225.69,74.6,16836.47
T00618,P0258,C0169,2025-03-18,361.74,97.14,35139.42
T00619,P0565,C0191,2024-06-15,30.25,66.19,2002.25
T00620,P0009,C0536,2024-11-29,432.68,108.28,46850.59
T00621,P0324,C0426,2024-09-22,106.45,36.99,3937.59
T00622,P0979,C0412,2024-06-22,375.36,36.41,13666.86
T00623,P0350,C0373,2025-02-04,373.07,59.82,22317.05
T00624,P0885,C0789,2025-02-04,415.61,30.21,12555.58
T00625,P0441,C0308,2025-03-12,299.82,88.45,26519.08
T00626,P0544,C0944,2025-01-11,172.91,55.1,9527.34
T00627,P0848,C0409,2024-10-19,204.24,73.56,15023.89
T00628,P0554,C0608,2025-03-04,302.83,50.41,15265.66
T00629,P0138,C0849,2024-12-07,449.38,58.49,26284.24
T00630,P0838,C0178,2025-05-23,396.24,58.33,23112.68
T00631,P0243,C0884,2024-08-30,155.01,82.67,12814.68
T00632,P0741,C0504,2024-11-24,483.47,92.25,44600.11
T00633,P0974,C0188,2025-02-01,274.07,72.08,19754.97
T00634,P0255,C0248,2025-05-13,92.88,66.96,6219.24
T00635,P0358,C0645,2025-05-19,358.19,69.38,24851.22
T00636,P0790,C0706,2025-04-14,478.63,38.96,18647.42
T00637,P0336,C0196,2024-08-11,413.52,34.61,14311.93
T00638,P0352,C0582,2025-04-04,345.3,99.17,34243.4
T00639,P0831,C0108,2024-12-21,95.42,29.84,2847.33
T00640,P0321,C0685,2025-04-12,141.57,65.0,9202.05
T00641,P0968,C0147,2024-07-20,277.6,95.07,26391.43
T00642,P0101,C0948,2024-12-30,115.36,82.96,9570.27
T00643,P0572,C0136,2024-12-20,497.6,90.19,44878.54
T00644,P0822,C0694,2025-05-10,23.12,93.37,2158.71
T00645,P0437,C0105,2024-07-20,393.56,37.5,14758.5
T00646,P0684,C0892,2024-08-06,146.82,70.24,10312.64
T00647,P0628,C0694,2025-03-13,50.43,96.05,4843.8
T00648,P0027,C0620,2024-10-16,436.29,50.5,22032.65
T00649,P0431,C0333,2025-01-18,202.58,100.8,20420.06
T00650,P0832,C0871,2024-08-08,414.2,57.32,23741.94
T00651,P0811,C0865,2025-03-06,344.97,82.8,28563.52
T00652,P0570,C0332,2025-02-17,284.63,31.48,8960.15
T00653,P0736,C0550,2024-12-21,155.31,93.11,14460.91
T00654,P0816,C0917,2024-11-25,408.48,73.8,30145.82
T00655,P0498,C0247,2024-11-04,30.99,85.26,2642.21
T00656,P0932,C0601,2024-07-09,284.03,56.39,16016.45
T00657,P0586,C0319,2024-07-04,445.6,105.01,46792.46
T00658,P0263,C0979,2025-03-17,492.02,64.14,31558.16
T00659,P0899,C0225,2024-11-13,83.92,42.09,3532.19
T00660,P0901,C0866,2024-06-19,173.81,60.49,10513.77
T00661,P0823,C0522,2024-07-12,212.58,78.44,16674.78
T00662,P0534,C0411,2025-03-26,432.26,69.79,30167.43
T00663,P0696,C0576,2025-05-02,297.88,73.15,21789.92
T00664,P0897,C0104,2024-12-03,459.6,84.72,38937.31
T00665,P0325,C0908,2025-03-27,407.99,57.78,23573.66
T00666,P0271,C0868,2024-06-19,230.15,45.88,10559.28
T00667,P0511,C0108,2024-11-09,290.68,91.73,26664.08
T00668,P0364,C0312,2025-04-11,168.87,60.58,10230.14
T00669,P0080,C0592,2025-03-21,84.64,73.28,6202.42
T00670,P0809,C0161,2025-01-02,369.66,90.9,33602.09
T00671,P0625,C0218,2025-01-05,292.72,50.06,14653.56
T00672,P0836,C0755,2025-06-08,232.17,98.89,22959.29
T00673,P0251,C0143,2025-01-10,186.82,54.89,10254.55
T00674,P0504,C0312,2024-06-14,220.12,53.36,11745.6
T00675,P0839,C0149,2024-11-06,75.97,42.6,3236.32
T00676,P0040,C0859,2024-09-10,340.28,32.77,11150.98
T00677,P0497,C0056,2024-11-21,281.53,79.84,22477.36
T00678,P0171,C0179,2025-05-16,490.8,52.35,25693.38
T00679,P0953,C0194,2024-08-30,297.47,93.04,27676.61
T00680,P0216,C0381,2025-03-23,392.51,93.61,36742.86
T00681,P0029,C0394,2024-08-08,61.05,73.17,4467.03
T00682,P0607,C0445,2024-11-17,129.88,30.21,3923.67
T00683,P0615,C0122,2025-03-29,170.02,69.97,11896.3
T00684,P0560,C0690,2025-03-24,320.15,56.72,18158.91
T00685,P0089,C0402,2024-08-30,25.38,70.82,1797.41
T00686,P0264,C0896,2025-04-29,28.78,73.3,2109.57
T00687,P0349,C0369,2024-07-19,437.88,89.1,39015.11
T00688,P0234,C0690,2024-09-21,10.6,82.43,873.76
T00689,P0937,C0818,2025-06-01,82.54,61.14,5046.5
T00690,P0024,C0610,2025-03-30,449.49,31.07,13965.65
T00691,P0495,C0576,2024-08-23,434.09,61.14,26540.26
T00692,P0703,C0838,2024-12-28,322.29,89.23,28757.94
T00693,P0555,C0391,2025-03-13,440.55,53.13,23406.42
T00694,P0533,C0944,2025-01-31,66.81,42.67,2850.78
T00695,P0187,C0071,2024-07-04,412.22,88.98,36679.34
T00696,P0545,C0914,2025-04-02,187.56,53.75,10081.35
T00697,P0409,C0316,2024-11-09,349.58,69.57,24320.28
T00698,P0125,C0090,2024-09-12,286.28,101.17,28962.95
T00699,P0786,C0993,2024-12-29,390.9,46.63,18227.67
T00700,P0646,C0060,2025-02-11,341.67,69.13,23619.65
T00701,P0695,C0753,2024-11-08,320.32,34.91,11182.37
T00702,P0662,C0862,2025-02-22,274.27,84.27,23112.73
T00703,P0740,C0452,2024-08-03,304.78,41.5,12648.37
T00704,P0888,C0578,2024-09-14,462.41,32.71,15125.43
T00705,P0009,C0005,2024-07-21,411.58,95.06,39124.79
T00706,P0952,C0382,2024-07-21,468.53,77.32,36226.74
T00707,P0232,C0662,2024-06-26,463.95,84.3,39110.99
T00708,P0651,C0351,2025-02-06,192.82,34.4,6633.01
T00709,P0914,C0388,2025-05-21,101.85,97.66,9946.67
T00710,P0904,C0842,2024-11-11,82.95,35.34,2931.45
T00711,P0057,C0083,2024-12-14,166.91,60.79,10146.46
T00712,P0056,C0921,2024-09-16,37.71,61.35,2313.51
T00713,P0093,C0818,2025-01-31,396.98,105.16,41746.42
T00714,P0270,C0118,2025-02-06,178.49,47.41,8462.21
T00715,P0269,C0308,2025-02-04,154.85,35.61,5514.21
T00716,P0420,C0484,2024-08-08,175.24,82.41,14441.53
T00717,P0019,C0601,2024-08-18,377.53,97.15,36677.04
T00718,P0782,C0078,2024-10-20,328.27,39.57,12989.64
T00719,P0145,C0103,2024-11-18,11.35,35.04,397.7
T00720,P0540,C0736,2025-02-01,358.97,41.62,14940.33
T00721,P0030,C0784,2025-04-19,454.83,95.23,43313.46
T00722,P0436,C0590,2024-09-23,198.63,64.41,12793.76
T00723,P0079,C0030,2024-06-24,411.19,74.67,30703.56
T00724,P0004,C0111,2024-10-26,37.0,63.93,2365.41
T00725,P0238,C0507,2025-01-13,366.95,66.24,24306.77
T00726,P0793,C0536,2024-11-29,366.22,72.73,26635.18
T00727,P0026,C0906,2025-05-06,278.27,46.84,13034.17
T00728,P0167,C0400,2024-07-23,154.67,30.35,4694.23
T00729,P0717,C0841,2024-08-19,401.46,66.67,26765.34
T00730,P0657,C0090,2024-11-12,183.29,63.53,11644.41
T00731,P0637,C0226,2024-06-16,156.37,73.09,11429.08
T00732,P0121,C0352,2024-11-09,126.27,46.46,5866.5
T00733,P0681,C0644,2025-04-23,238.08,90.03,21434.34
T00734,P0433,C0132,2025-04-17,339.54,76.62,26015.55
T00735,P0050,C0470,2025-02-17,447.02,66.37,29668.72
T00736,P0301,C0637,2024-12-06,59.79,77.15,4612.8
T00737,P0358,C0464,2024-10-16,289.92,70.7,20497.34
T00738,P0199,C0014,2025-05-01,311.28,84.84,26409.0
T00739,P0675,C0214,2025-03-02,451.17,44.33,20000.37
T00740,P0206,C0099,2024-10-07,317.11,29.55,9370.6
T00741,P0948,C0493,2024-08-15,198.24,52.99,10504.74
T00742,P0474,C0375,2024-06-19,122.57,48.62,5959.35
T00743,P0488,C0881,2025-01-04,233.06,108.73,25340.61
T00744,P0414,C0354,2025-04-27,447.73,40.08,17945.02
T00745,P0912,C0703,2025-01-20,324.04,42.53,13781.42
T00746,P0873,C0642,2025-02-08,264.42,95.04,25130.48
T00747,P0069,C0378,2025-05-31,154.42,66.82,10318.34
T00748,P0937,C0842,2024-11-27,27.07,67.21,1819.37
T00749,P0468,C0236,2025-06-09,314.24,39.14,12299.35
T00750,P0674,C0534,2024-11-06,340.74,59.64,20321.73
T00751,P0333,C0204,2025-01-22,448.05,51.05,22872.95
T00752,P0245,C0007,2025-05-25,148.16,60.34,8939.97
T00753,P0723,C0089,2025-04-20,494.9,68.65,33974.89
T00754,P0290,C0354,2024-11-26,116.62,78.31,9132.51
T00755,P0682,C0630,2025-04-28,215.95,106.42,22981.4
T00756,P0800,C0672,2024-12-10,481.34,94.38,45428.87
T00757,P0499,C0111,2024-09-22,177.37,63.44,11252.35
T00758,P0012,C0443,2025-02-18,435.31,68.79,29944.97
T00759,P0275,C0588,2024-12-16,95.76,88.19,8445.07
T00760,P0485,C0783,2025-05-18,473.7,87.36,41382.43
T00761,P0241,C0221,2024-08-24,159.68,87.66,13997.55
T00762,P0473,C0665,2024-12-03,286.69,70.32,20160.04
T00763,P0923,C0914,2024-10-17,362.87,50.64,18375.74
T00764,P0076,C0442,2024-08-04,396.41,32.9,13041.89
T00765,P0679,C0369,2024-07-02,117.46,52.27,6139.63
T00766,P0271,C0875,2024-07-16,345.81,44.4,15353.96
T00767,P0696,C0488,2025-03-14,81.65,64.84,5294.19
T00768,P0288,C0749,2024-08-25,321.14,46.37,14891.26
T00769,P0919,C0341,2024-07-04,455.21,53.07,24157.99
T00770,P0534,C0188,2024-12-17,292.92,74.15,21720.02
T00771,P0524,C0065,2025-05-25,103.32,57.41,5931.6
T00772,P0620,C0930,2024-07-04,312.02,80.89,25239.3
T00773,P0116,C0187,2024-07-20,353.3,46.84,16548.57
T00774,P0296,C0057,2024-11-20,455.29,63.81,29052.05
T00775,P0532,C0014,2025-02-05,327.08,49.42,16164.29
T00776,P0347,C0927,2025-05-23,125.25,76.48,9579.12
T00777,P0808,C0428,2025-02-10,377.45,84.76,31992.66
T00778,P0187,C0949,2025-01-15,186.52,80.79,15068.95
T00779,P0322,C0077,2024-10-01,31.77,41.04,1303.84
T00780,P0840,C0819,2024-09-30,287.77,70.12,20178.43
T00781,P0087,C0387,2024-11-13,321.16,57.01,18309.33
T00782,P0937,C0129,2025-01-21,270.87,68.73,18616.9
T00783,P0585,C0559,2024-09-05,396.54,62.21,24668.75
T00784,P0071,C0111,2024-09-30,247.25,54.88,13569.08
T00785,P0948,C0309,2025-02-01,168.24,50.78,8543.23
T00786,P0765,C0694,2024-09-12,216.65,34.36,7444.09
T00787,P0102,C0378,2024-12-02,242.53,95.41,23139.79
T00788,P0596,C0896,2024-11-04,120.86,41.34,4996.35
T00789,P0811,C0128,2024-08-29,270.4,92.0,24876.8
T00790,P0189,C0591,2025-01-10,216.45,28.11,6084.41
T00791,P0805,C0318,2025-04-26,144.8,63.45,9187.56
T00792,P0285,C0656,2024-06-20,195.78,47.16,9232.98
T00793,P0348,C0440,2024-09-04,449.63,51.03,22944.62
T00794,P0224,C0704,2024-09-27,46.92,33.91,1591.06
T00795,P0767,C0253,2024-11-19,475.02,57.6,27361.15
T00796,P0637,C0706,2025-05-15,194.7,76.11,14818.62
T00797,P0686,C0770,2024-08-11,345.08,40.53,13986.09
T00798,P0365,C0296,2024-09-13,423.37,72.67,30766.3
T00799,P0789,C0548,2024-07-11,456.61,60.19,27483.36
T00800,P0537,C0814,2024-09-21,473.27,48.04,22735.89
T00801,P0987,C0591,2024-07-21,77.33,52.42,4053.64
T00802,P0529,C0184,2024-09-02,262.27,55.37,14521.89
T00803,P0318,C0109,2024-10-29,97.33,67.79,6598.0
T00804,P0977,C0850,2024-11-09,339.37,71.6,24298.89
T00805,P0084,C0710,2024-11-04,22.05,74.31,1638.54
T00806,P0330,C0852,2025-02-03,330.16,50.67,16729.21
T00807,P0324,C0938,2024-12-31,324.24,38.84,12593.48
T00808,P0968,C0991,2024-08-09,382.7,90.21,34523.37
T00809,P0531,C0449,2024-06-16,235.63,50.7,11946.44
T00810,P0042,C0723,2025-03-16,134.73,72.1,9714.03
T00811,P0041,C0621,2025-06-04,334.88,64.17,21489.25
T00812,P0652,C0064,2024-07-21,308.53,64.25,19823.05
T00813,P0134,C0911,2025-02-24,16.28,43.56,709.16
T00814,P0107,C0784,2025-06-10,313.78,98.39,30872.81
T00815,P0935,C0425,2025-04-20,45.17,39.51,1784.67
T00816,P0741,C0413,2024-08-18,167.24,90.68,15165.32
T00817,P0110,C0735,2024-09-22,129.69,64.83,8407.8
T00818,P0594,C0736,2025-05-26,195.5,101.36,19815.88
T00819,P0891,C0658,2024-07-24,467.96,39.95,18695.0
T00820,P0913,C0039,2025-02-23,432.7,71.26,30834.2
T00821,P0961,C0490,2025-02-19,371.45,56.48,20979.5
T00822,P0016,C0662,2024-08-16,109.17,92.56,10104.78
T00823,P0257,C0869,2024-07-12,83.55,56.49,4719.74
T00824,P0901,C0178,2024-12-08,450.76,62.91,28357.31
T00825,P0730,C0897,2024-06-27,496.64,38.67,19205.07
T00826,P0652,C0502,2024-10-25,317.1,59.12,18746.95
T00827,P0611,C0769,2024-12-30,29.46,58.05,1710.15
T00828,P0775,C0356,2024-10-12,105.24,97.39,10249.32
T00829,P0399,C0024,2025-03-03,254.16,40.3,10242.65
T00830,P0570,C0149,2024-12-23,159.58,30.12,4806.55
T00831,P0160,C0391,2025-01-02,483.45,39.07,18888.39
T00832,P0709,C0292,2025-04-24,112.53,31.64,3560.45
T00833,P0020,C0084,2025-03-09,115.21,52.97,6102.67
T00834,P0623,C0506,2024-11-20,145.42,58.02,8437.27
T00835,P0908,C0214,2024-07-31,248.33,62.35,15483.38
T00836,P0133,C0906,2024-10-31,113.91,95.9,10923.97
T00837,P0156,C0497,2024-07-26,484.87,54.41,26381.78
T00838,P0890,C0681,2024-12-21,454.97,38.12,17343.46
T00839,P0520,C0615,2025-06-07,130.91,32.64,4272.9
T00840,P0050,C0030,2025-05-03,234.33,70.37,16489.8
T00841,P0836,C0687,2025-04-03,455.19,100.03,45532.66
T00842,P0123,C0936,2024-12-01,420.64,93.67,39401.35
T00843,P0339,C0596,2024-06-15,12.13,48.49,588.18
T00844,P0722,C0108,2024-11-09,96.16,75.97,7305.28
T00845,P0010,C0879,2025-05-20,410.73,41.45,17024.76
T00846,P0101,C0645,2025-05-03,408.3,76.95,31418.69
T00847,P0667,C0506,2025-03-15,113.05,83.09,9393.32
T00848,P0717,C1000,2024-12-13,145.21,77.39,11237.8
T00849,P0777,C0298,2025-04-17,346.18,69.33,24000.66
T00850,P0211,C0461,2025-04-17,458.05,92.26,42259.69
T00851,P0238,C0220,2025-04-13,494.07,62.46,30859.61
T00852,P0216,C0516,2025-01-03,362.69,83.42,30255.6
T00853,P0981,C0640,2024-08-24,446.74,56.46,25222.94
T00854,P0076,C0607,2025-02-02,261.54,35.05,9166.98
T00855,P0287,C0083,2025-01-09,432.81,37.58,16265.0
T00856,P0374,C0367,2025-01-22,475.0,67.72,32167.0
T00857,P0637,C0592,2024-11-11,498.5,74.27,37023.6
T00858,P0483,C0075,2025-04-15,358.79,31.92,11452.58
T00859,P0614,C0765,2024-06-19,170.51,91.96,15680.1
T00860,P0721,C0549,2025-03-26,323.56,46.33,14990.53
T00861,P0673,C0493,2024-08-27,240.14,64.05,15380.97
T00862,P0310,C0599,2025-04-13,329.33,44.85,14770.45
T00863,P0626,C0574,2025-06-11,218.11,80.96,17658.19
T00864,P0477,C0758,2024-09-14,227.42,58.89,13392.76
T00865,P0702,C0274,2025-03-06,116.66,36.62,4272.09
T00866,P0089,C0039,2025-06-10,302.99,78.94,23918.03
T00867,P0961,C0090,2024-10-01,194.26,59.87,11630.35
T00868,P0102,C0367,2025-03-11,267.72,84.1,22515.25
T00869,P0612,C0124,2025-03-27,48.59,69.8,3391.58
T00870,P0217,C0286,2024-07-26,146.81,101.76,14939.39
T00871,P0257,C0773,2024-10-15,469.67,61.49,28880.01
T00872,P0213,C0213,2024-09-15,349.79,79.62,27850.28
T00873,P0696,C0188,2025-02-28,496.98,67.13,33362.27
T00874,P0516,C0093,2025-02-18,451.22,34.72,15666.36
T00875,P0958,C0736,2025-05-25,388.17,88.59,34387.98
T00876,P0524,C0411,2025-05-19,56.75,59.09,3353.36
T00877,P0069,C0719,2025-06-12,227.53,65.1,14812.2
T00878,P0148,C0933,2025-03-22,91.91,67.87,6237.93
T00879,P0509,C0622,2024-12-08,315.18,60.7,19131.43
T00880,P0527,C0478,2024-11-18,274.06,43.66,11965.46
T00881,P0036,C0968,2024-07-24,76.05,51.93,3949.28
T00882,P0574,C0713,2024-07-21,289.06,73.61,21277.71
T00883,P0297,C0578,2024-10-04,200.08,74.22,14849.94
T00884,P0007,C0405,2024-10-15,31.96,54.36,1737.35
T00885,P0667,C0936,2024-07-17,204.4,88.07,18001.51
T00886,P0897,C0112,2024-07-17,279.65,81.92,22908.93
T00887,P0595,C0992,2024-08-21,480.11,72.46,34788.77
T00888,P0127,C0884,2024-10-16,268.15,44.79,12010.44
T00889,P0391,C0126,2024-07-24,170.21,81.59,13887.43
T00890,P0775,C0961,2024-08-11,204.99,95.37,19549.9
T00891,P0082,C0153,2024-11-08,190.92,90.43,17264.9
T00892,P0792,C0091,2025-02-10,284.2,40.15,11410.63
T00893,P0398,C0881,2024-09-07,365.4,85.57,31267.28
T00894,P0113,C0028,2024-10-25,433.22,44.99,19490.57
T00895,P0195,C0665,2025-02-19,10.95,74.13,811.72
T00896,P0149,C0496,2025-01-10,124.54,89.73,11174.97
T00897,P0711,C0395,2025-01-19,348.79,51.98,18130.1
T00898,P0993,C0310,2024-09-08,400.29,95.77,38335.77
T00899,P0792,C0269,2024-11-24,49.64,36.22,1797.96
T00900,P0903,C0421,2025-04-22,380.79,73.25,27892.87
T00901,P0731,C0576,2025-05-02,141.88,82.43,11695.17
T00902,P0730,C0327,2025-05-15,137.36,40.38,5546.6
T00903,P0297,C0705,2025-04-19,398.0,66.13,26319.74
T00904,P0797,C0866,2025-04-19,347.35,45.49,15800.95
T00905,P0556,C0688,2024-08-28,405.0,86.45,35012.25
T00906,P0163,C0685,2025-04-14,488.6,41.03,20047.26
T00907,P0380,C0868,2025-04-10,99.84,41.45,4138.37
T00908,P0897,C0478,2025-01-08,110.41,77.5,8556.77
T00909,P0132,C0823,2025-02-21,244.89,65.65,16077.03
T00910,P0778,C0545,2024-11-27,110.66,104.87,11604.91
T00911,P0878,C0550,2024-07-21,250.75,44.43,11140.82
T00912,P0589,C0993,2024-11-22,16.97,47.82,811.51
T00913,P0257,C0933,2025-01-09,473.98,56.24,26656.64
T00914,P0765,C0100,2025-03-16,83.34,32.28,2690.22
T00915,P0739,C0017,2024-12-15,133.9,89.71,12012.17
T00916,P0354,C0215,2024-07-21,313.61,99.25,31125.79
T00917,P0607,C0305,2025-04-04,238.78,32.46,7750.8
T00918,P0288,C0610,2024-09-08,473.16,49.56,23449.81
T00919,P0339,C0147,2025-04-16,311.72,46.45,14479.39
T00920,P0951,C0419,2025-01-27,143.25,43.58,6242.84
T00921,P0525,C0119,2025-02-27,39.04,54.37,2122.6
T00922,P0216,C0148,2025-04-02,168.25,97.74,16444.75
T00923,P0283,C0747,2024-11-28,426.93,37.2,15881.8
T00924,P0925,C0249,2024-10-23,225.71,64.57,14574.09
T00925,P0735,C0816,2025-03-16,456.77,88.54,40442.42
T00926,P0481,C0484,2025-01-29,183.72,36.48,6702.11
T00927,P0768,C0029,2024-11-10,125.3,87.8,11001.34
T00928,P0959,C0289,2025-01-01,352.45,35.88,12645.91
T00929,P0815,C0664,2024-07-22,166.17,79.09,13142.39
T00930,P0649,C0761,2025-04-04,58.24,43.36,2525.29
T00931,P0576,C0660,2024-07-12,122.93,37.31,4586.52
T00932,P0239,C0644,2025-05-12,198.23,60.74,12040.49
T00933,P0309,C0848,2025-03-04,416.12,62.73,26103.21
T00934,P0264,C0762,2025-06-04,192.26,74.83,14386.82
T00935,P0733,C0847,2024-08-15,170.34,33.1,5638.25
T00936,P0676,C0299,2024-09-28,301.39,57.23,17248.55
T00937,P0019,C0761,2024-10-05,20.95,102.65,2150.52
T00938,P0914,C0692,2025-05-27,354.42,95.23,33751.42
T00939,P0837,C0275,2025-05-12,46.8,67.05,3137.94
T00940,P0226,C0173,2024-08-16,114.51,84.54,9680.68
T00941,P0492,C0179,2025-03-07,357.67,33.77,12078.52
T00942,P0547,C0213,2025-03-20,310.0,61.86,19176.6
T00943,P0880,C0047,2024-12-06,371.51,67.59,25110.36
T00944,P0873,C0221,2024-11-27,247.54,105.42,26095.67
T00945,P0915,C0334,2024-12-29,236.86,45.72,10829.24
T00946,P0509,C0357,2025-05-27,315.02,65.15,20523.55
T00947,P0298,C0336,2024-09-19,71.44,47.41,3386.97
T00948,P0800,C0443,2025-02-21,339.65,105.28,35758.35
T00949,P0313,C0466,2025-05-30,54.68,76.64,4190.68
T00950,P0196,C0111,2024-08-02,336.31,87.3,29359.86
T00951,P0656,C0373,2025-02-23,418.95,36.27,15195.32
T00952,P0370,C0462,2025-02-05,431.77,97.15,41946.46
T00953,P0705,C0958,2025-03-30,133.77,59.19,7917.85
T00954,P0022,C0762,2024-06-27,248.01,53.6,13293.34
T00955,P0604,C0826,2024-11-29,98.27,61.31,6024.93
T00956,P0507,C0709,2025-03-20,461.01,54.72,25226.47
T00957,P0651,C0361,2025-04-30,492.99,33.3,16416.57
T00958,P0716,C0864,2025-05-01,393.36,31.8,12508.85
T00959,P0347,C0425,2025-03-05,71.02,75.93,5392.55
T00960,P0780,C0632,2025-02-18,199.5,58.62,11694.69
T00961,P0932,C0161,2024-12-06,299.06,48.06,14372.82
T00962,P0793,C0949,2024-12-10,281.67,67.38,18978.92
T00963,P0223,C0453,2025-05-12,301.01,99.08,29824.07
T00964,P0134,C0387,2024-08-29,376.38,38.24,14392.77
T00965,P0693,C0758,2024-09-26,459.85,84.39,38806.74
T00966,P0093,C0564,2024-08-23,115.3,89.43,10311.28
T00967,P0558,C0354,2024-10-30,362.47,82.82,30019.77
T00968,P0465,C0938,2024-06-15,189.93,62.33,11838.34
T00969,P0975,C0226,2025-03-27,385.31,54.16,20868.39
T00970,P0317,C0274,2024-10-19,224.99,88.85,19990.36
T00971,P0860,C0273,2025-04-19,23.02,43.17,993.77
T00972,P0127,C0835,2024-09-24,13.95,46.02,641.98
T00973,P0965,C0965,2024-07-22,401.67,35.96,14444.05
T00974,P0964,C0217,2024-11-24,230.66,58.12,13405.96
T00975,P0231,C0710,2025-03-16,227.18,52.64,11958.76
T00976,P0299,C0493,2025-04-28,174.58,43.37,7571.53
T00977,P0389,C0537,2024-10-14,189.8,75.13,14259.67
T00978,P0589,C0970,2024-07-30,470.55,46.09,21687.65
T00979,P0488,C0087,2024-12-18,28.12,98.63,2773.48
T00980,P0021,C0374,2025-04-19,340.68,36.38,12393.94
T00981,P0742,C0354,2024-07-11,445.72,47.48,21162.79
T00982,P0707,C0644,2024-07-31,432.92,98.05,42447.81
T00983,P0489,C0646,2024-06-29,95.13,62.32,5928.5
T00984,P0631,C0017,2024-06-25,11.21,60.73,680.78
T00985,P0029,C0085,2025-01-12,324.85,72.66,23603.6
T00986,P0004,C0852,2024-08-15,281.13,58.04,16316.79
T00987,P0387,C0908,2024-11-21,488.41,77.91,38052.02
T00988,P0147,C0239,2025-03-11,70.08,31.79,2227.84
T00989,P0307,C0664,2024-08-27,436.49,98.14,42837.13
T00990,P0431,C0765,2025-05-27,41.92,103.27,4329.08
T00991,P0743,C0644,2024-07-14,84.56,56.83,4805.54
T00992,P0360,C0087,2025-03-02,398.11,41.51,16525.55
T00993,P0697,C0409,2024-12-25,157.12,45.64,7170.96
T00994,P0284,C0585,2024-12-04,29.83,72.26,2155.52
T00995,P0017,C0761,2024-11-13,92.3,32.71,3019.13
T00996,P0045,C0171,2025-03-30,371.57,84.6,31434.82
T00997,P0195,C0432,2025-06-10,319.5,67.44,21547.08
T00998,P0874,C0361,2025-06-12,246.55,71.49,17625.86
T00999,P0279,C0525,2024-07-27,424.56,92.76,39382.19
T01000,P0043,C0407,2025-05-23,269.02,81.35,21884.78
